;;;;
;;;;
;ЧП Настин А.С.;;;
;;;;
;"
Телефоны: 37-24-05,37-49-47";;;
;;;;
;Прайс-лист;;;
;29 Апреля 2026 г.;;;
;;;;
Артикул;Наименование товаров;Розничные;;
;;"(включая НДС,
 без учета НП)";;
;Амортизатор г.Гродно;;;
11.2905005-53 (в уп.2шт.);Амортизатор п/кабину  г.Гродно 90/271;1 750,00 руб.;шт;
11.6809010;Амортизатор п/сиденье  г.Гродно 110/200(шток 12,цилиндр 30);1 721,00 руб.;шт;
4310-2905006 300/485;Амортизатор передней подвески  г.Гродно;6 899,00 руб.;шт;
53212-2905006-02 Пластм.;Амортизатор передней подвески  г.Гродно 275/460;3 670,00 руб.;шт;
53212-2905006-01 Метал.;Амортизатор передней подвески  г.Гродно 275/460;5 623,00 руб.;шт;
50.4.2905005 245/450;Амортизатор Икарус г. Гродно;5 000,00 руб.;шт;
152-2905006-11(230/450);Амортизатор ЛИАЗ УКРАИНА;1 600,00 руб.;шт;
50.2.2905005 325/500;Амортизатор МАЗ, КАМАЗ 6520 г. Гродно 325/500;4 009,00 руб.;шт;
50.6.2905005 230/450;Амортизатор НЕФАЗ, ЛИАЗ г.Гродно;4 140,00 руб.;шт;
50.5.2905005   (300/475);Амортизатор УРАЛ, КРАЗ, (43118)  300/475 г. Гродно;3 980,00 руб.;шт;
100-3519010-01;Камера передняя тип 16 ЗИЛ  (ход штока 58мм);1 050,00 руб.;шт;
100-3519010-11;Камера передняя тип 16 ЗИЛ длинн. шток г.Гродно (шток 88мм);1 060,00 руб.;шт;
24.3519010-01 корот. шток;Камера передняя тип 24 г.Гродно L=2.5cм;1 070,00 руб.;шт;
24.3519010-11;Камера передняя тип 24 г.Гродно L=5,5;2 879,00 руб.;шт;
24.3519200-04;Камера тормозная (4310), МАЗ 24/24  г.Гродно;13 857,00 руб.;шт;
20.3519100-02;Камера тормозная (5320) 20/20 г.Гродно;5 476,00 руб.;шт;
12.3519110-01;Камера тормозная тип 12/20 с энергоаккумулятором ЛИАЗ  г. Гродно;5 150,00 руб.;шт;
18.3519110;Камера тормозная тип 20 МАЗ (шток 57 мм)  г. Гродно;2 794,00 руб.;шт;
30.3519010;Камера тормозная тип 30 МАЗ, КРАЗ г. Гродно (шток 58 мм) (19.3519310-02);1 350,00 руб.;шт;
30.3519200;Камера тормозная тип 30/24 КАМАЗ 6520 г.Гродно;6 939,00 руб.;шт;
30.3519300-10;Камера тормозная тип 30/30 г.Гродно;15 183,00 руб.;шт;
;Амортизатор ПЕРВОУРАЛЬСК;;;
П40.1.2905005  (4310);Амортизатор п/п КАМАЗ метал. Первоуральск;2 811,00 руб.;шт;
П50.6-2905005 245х450;Амортизатор НЕФАЗ метал. (ПААЗ);3 980,00 руб.;шт;
;Амортизаторы, домкраты г.Барановичи;;;
А2-245/450.2905006(152);Амортизатор Икарус, НЕФАЗ г.Барановичи;4 500,00 руб.;шт;
А1-275/460.2905006(22);Амортизатор КАМАЗ усил., ПАЗ г.Барановичи;4 119,00 руб.;шт;
А1-237/412.2905006-41;Амортизатор п/прицеп МАЗ г.Барановичи;4 500,00 руб.;шт;
А1-275/450.2905006;Амортизатор КАМАЗ 4308 г.Барановичи;4 175,00 руб.;шт;
54327-2915006-10;Амортизатор МАЗ г.Барановичи 315/500;4 500,00 руб.;шт;
54327-2915006-50;Амортизатор МАЗ г. Барановичи 240/425;4 500,00 руб.;шт;
54327-2915006-30;Амортизатор МАЗ г.Барановичи 265/450;4 500,00 руб.;шт;
А2-230/450.2905006(152);Амортизатор ЕВРО, ЛиАЗ,НЕФАЗ(5460) г.Барановичи;4 500,00 руб.;шт;
54327-2915006-60;Амортизатор МАЗ 190/425;4 500,00 руб.;шт;
А1-325/500.2905006-11;Амортизатор МАЗ, КАМАЗ 6520 г.Барановичи;4 100,00 руб.;шт;
54327-2915006-20;Амортизатор МАЗ (290/475);3 229,00 руб.;шт;
А1-300/475.2905006-21;Амортизатор УРАЛ,КРАЗ г.Барановичи перед. ушки 5460, пласт.кожух;4 001,00 руб.;шт;
ДГ 25.3913010;Домкрат 25т. г.Барановичи;20 061,00 руб.;шт;
;БАТЭ г.Борисов;;;
42-3708600;Бендикс Волга, Газель, УАЗ, 402 дв. г.Борисов;775,00 руб.;шт;
42-3708600-10;Бендикс Волга, Газель 406 дв. г. Борисов;672,00 руб.;шт;
425-3708600;Бендикс ВАЗ-2101-07, 2121 г. Борисов;590,00 руб.;шт;
7402.3708600;Бендикс г. Борисов;1 060,00 руб.;шт;
СТ230-3708600-01;Бендикс большой ГАЗ-53, ПАЗ, ГАЗ-66 г.Борисов;819,00 руб.;шт;
СТ230К-3708600-01;Бендикс ЗИЛ , СТ230К4 г.Борисов;869,00 руб.;шт;
3242-3771-10;Генератор 28В,110А ,10 руч.ш ев-3 г.Борисов;11 466,00 руб.;шт;
3232.3771000;Генератор 3232 Дв.ЯМЗ-236,-238, КАМАЗ-740 и их модиф.60А г.Борисов;6 261,00 руб.;шт;
3252.3771000;Генератор МАЗ ОАО БАТЭ 28В. 90А;8 910,00 руб.;шт;
3232.3771000-10;Генератор  МАЗ, МТЗ, ММЗ(ЕВРО-2) Д-245(Д-245.30Е-715,-716) 28В 60А г.Борисов;8 271,00 руб.;шт;
СТ 2А-3708150;Обмотка;1 436,00 руб.;шт;
7402-3708120;Обмотка стартера;1 723,00 руб.;шт;
СТ230-3708110;Обмотка стартера (большая);1 898,00 руб.;шт;
422.3708 (42.3708-10);Обмотка стартера 402 дв. г.Борисов г.Борисов;1 247,00 руб.;шт;
422.3708800;Реле втягивающее малое в коробке ГАЗ, УАЗ (402, 406 дв)г. Борисов;1 543,00 руб.;шт;
74.3708800 (12В);Реле втягивающее г. Борисов;2 408,00 руб.;шт;
7402-3708800 (24В);Реле втягивающее ММЗ Д-243,-245 г.Борисов;2 408,00 руб.;шт;
СТ142М-3708800;Реле втягивающее ММЗ Д-243,-245,-260 (12В) г. Борисов;3 038,00 руб.;шт;
СТ142Н-3708800;Реле втягивающее ММЗ Д245,-260 (24В) г.Борисов;3 105,00 руб.;шт;
СТ230А-3708800;Реле втягивающее ГАЗ-53 в сб.с крышкой г. Борисов;2 057,00 руб.;шт;
СТ230Б-3708800-10;Реле втягивающее большое в коробке  СТ230Б4, СТ230А1 г. Борисов;1 965,00 руб.;шт;
СТ230Б2-3708800-10;Реле втягивающее (СТ230К1, СТ230К4) г. Борисов;1 707,00 руб.;шт;
2107.370810-01;Стартер ВАЗ 2101-07 на магнитах г.Борисов;5 385,00 руб.;шт;
2109.3708010-01;Стартер ВАЗ 2108-09 на магнитах г.Борисов;5 385,00 руб.;шт;
3002.3708000;Стартер 3002.3708000 ГАЗ 3306-3309-66  24В 7,7КВ;21 193,00 руб.;шт;
42.3708000 (12В) дв.402;"Стартер 42 Дв.3151-01,3303-01,3741-01;а/м УАЗ; Т-150,Т-170 г. Борисов";6 238,00 руб.;шт;
СТ42.3708000-10(11) (12В);"Стартер 42-10 Дв.ЗМЗ-406.10,-4061.10,-4062.10; а/м ГАЗ г.Борисов";6 868,00 руб.;шт;
426.3708000;Стартер 426 ВАЗ 2108-09 с обмоткой г.Борисов;6 958,00 руб.;шт;
5404-3708000 (24В 5,2кВт);Стартер 5404 редукт. ММЗ-243,245(аналог 230Р0,7402,142Н) г.Борисов;14 429,00 руб.;шт;
"74.3708.0000 (12В;3,6кВт)";Стартер 74 ММЗ Д-243,-245,-260, МТЗ (аналог СТ142М) г. Борисов;11 926,00 руб.;шт;
"7402.3708000 (24В;5,2кВт)";Стартер 7402 Бычок, МАЗ, ПАЗ, ГАЗ, МТЗ (анал СТ230Р, СТ142Н) г. Борисов;12 890,00 руб.;шт;
5112-3708000 (12В 1,8кВт);Стартер ГАЗ УАЗ с редуктором  г. Борисов;6 983,00 руб.;шт;
6502.3708000-01(12В1,8кВт;Стартер ГАЗ, УАЗ с редуктором;6 403,00 руб.;шт;
СТ230Б4-3708000 (12В);"Стартер СТ230Б4 Дв.ЗМЗ-24-01,-320-01,-502-10;а/м ГАЗ-24 и мод. г.Борисов";9 176,00 руб.;шт;
СТ230К4-3708000 (12В);Стартер СТ230К4 ЗИЛ-130, ЛАЗ, ЛиАЗ г. Борисов;9 597,00 руб.;шт;
СТ230Р-3708200;Якорь стартера ММЗ-Д243,Д245 г.Борисов;3 030,00 руб.;шт;
;Валы карданные TIRSAN;;;
RS.96640.02.02 L=418 mm;43114-2202011-01 Вал карданный TIRSAN;18 248,00 руб.;шт;
;Валы карданные г.Гродно;;;
;Карданы ОАО БЕЛКАРД;;;
;КРАЗ;;;
65101-2205010 L=1582;Вал карданный КРАЗ;12 310,00 руб.;шт;
;МАЗ;;;
501-2203010-07 L=1688+58;Вал карданный МАЗ;9 634,00 руб.;шт;
503-2201010-15 L=1126;Вал карданный МАЗ;9 230,00 руб.;шт;
;Валы карданные г.Гродно;;;
4310-2202011-02;Вал карданный кв.фланец L=409mm;22 143,00 руб.;шт;
4310-2203011-01 Н/О;Вал карданный  кв.фл. L=1136mm;22 640,00 руб.;шт;
4310-2205011-04;Вал карданный круг.фланец L=727mm;31 449,00 руб.;шт;
43114-2202011-01;Вал карданный торц.шлицы L=418mm;42 562,00 руб.;шт;
43114-2203011;Вал карданный торц.шлицы L=1127mm;34 128,00 руб.;шт;
43114-2205011;Вал карданный торц.шлицы L=699mm;38 691,00 руб.;шт;
43118-2202011-31;Вал карданный торц.шлицы L=440+34mm;41 769,00 руб.;шт;
43118-2203011-30;Вал карданный торц.шлицы L=1305mm;39 783,00 руб.;шт;
43118-2203011-31;Вал карданный 43118-2203011-31 L=1285 mm;52 220,00 руб.;шт;
5320-2201011-03 М/О;Вал карданный кв.фланец L=724mm;20 400,00 руб.;шт;
5320-2205011-04;Вал карданный кв.фланец L=983mm;28 500,00 руб.;шт;
5320-2205011-33(34);Вал карданный круг.фланец L=990mm;15 000,00 руб.;шт;
53205-2201011-10 М/О;Вал карданный торц.шлицы L=709mm;33 370,00 руб.;шт;
53205-2205011-10 ОСНОВНОЙ;Вал карданный торц.шлицы L=955mm;38 301,00 руб.;шт;
53212-2205011-03;Вал карданный кв.фланец L=1483mm;25 200,00 руб.;шт;
53212-2205011-95;Вал карданный круг.фланец L=1377mm;15 000,00 руб.;шт;
53213-2205011-02;Вал карданный круг.фланец L=1666mm;15 692,00 руб.;шт;
53215-2205011-10;Вал карданный торц.шлицы L=1450mm;35 995,00 руб.;шт;
53254-2201011-02;Вал карданный круг.фланец L=1057mm;14 000,00 руб.;шт;
5410-2205011-04;Вал карданный кв.фланец L=638mm;28 400,00 руб.;шт;
54105-2205011-10;Вал карданный торц.шлицы L=629mm;37 180,00 руб.;шт;
54112-2205011-02;Вал карданный круг.фланец L=646mm;31 641,00 руб.;шт;
5511-2205011-13;Вал карданный кв.фланец L=818mm;28 600,00 руб.;шт;
55111-2205011-11;Вал карданный круг.фланец L=821mm;21 671,00 руб.;шт;
6520Г-2201011-11;Вал карданный КАМАЗ межосевой БЕЛКАРД L=701mm;47 599,00 руб.;шт;
6520Г-2205011-10;Вал карданный КАМАЗ основной БЕЛКАРД L=1425mm;66 000,00 руб.;шт;
375-2201010-04 L=880+92;Вал карданный УРАЛ межосевой;12 946,00 руб.;шт;
375-2202010-03 L=436+29;Вал карданный УРАЛ основной;26 209,00 руб.;шт;
375-2203010-05 L=1167+90;Вал карданный УРАЛ перед.мост;19 278,00 руб.;шт;
375-2205010-04 L=1262+60;Вал карданный УРАЛ средний мост;21 956,00 руб.;шт;
4320-2201010-03 L=821+92;Вал карданный УРАЛ межосевой;17 994,00 руб.;шт;
4320-2205010-02 L=1192+60;Вал карданный УРАЛ средний мост;23 044,00 руб.;шт;
5320-2201023;Вилка фланец 5320-2201023 межосевая;3 441,00 руб.;шт;
6520-2201023;Вилка фланец 6520-2201023;10 345,00 руб.;шт;
5320-2205023-10 Н/О;Вилка фланец Н/О;4 565,00 руб.;шт;
;Валы карданные УКД;;;
У 4310-2203011-01;Вал карданный (1136 мм);13 992,00 руб.;шт;
У 375-2203010-05;Вал карданный (1167 мм);14 027,00 руб.;шт;
У 43118-2203011-31;Вал карданный (1285мм);24 318,00 руб.;шт;
У 43118-2203011-30;Вал карданный (1305 мм);22 234,00 руб.;шт;
У 43118-2205011;Вал карданный (1322мм);27 800,00 руб.;шт;
У 6520-2205011-10;Вал карданный (1425 мм);36 975,00 руб.;шт;
У 53215-2205011-10;Вал карданный (1454 мм);32 848,00 руб.;шт;
У 53212-2205011-03;Вал карданный (1483 мм);16 055,00 руб.;шт;
У 43118-2202011-10;Вал карданный (585 мм);33 465,00 руб.;шт;
У 54105-2205011-10;Вал карданный (629 мм);29 842,00 руб.;шт;
У 5410-2205011-04;Вал карданный (638 мм);15 333,00 руб.;шт;
У 6520Г-2201011-11;Вал карданный (701 мм);22 999,00 руб.;шт;
У 53205-2201011-10;Вал карданный (709 мм);28 088,00 руб.;шт;
У 5511-2205011-13;Вал карданный (818 мм);15 133,00 руб.;шт;
У 53205-2205011-10;Вал карданный (955 мм);33 580,00 руб.;шт;
У 5320-2201011-01;Вал карданный межосевой  (724 мм);12 466,00 руб.;шт;
У 43114-2203011;Вал карданный торц.шл. L=1127mm;27 238,00 руб.;шт;
У 43114-2202011-01;Вал карданный торц.шл. L=418mm;20 175,00 руб.;шт;
У 4320-2201010-03;Вал карданный УРАЛ м/о (821мм);16 704,00 руб.;шт;
;Вкладыши г. Димитровград;;;
740-1006037;Втулка распредвала;163,00 руб.;шт;
740-1006026-02 1 шт.;Втулка распредвала;121,00 руб.;шт;
740.21-1006037;Втулка распредвала ЕВРО;171,00 руб.;шт;
740-1004052;Втулка шатуна;159,00 руб.;шт;
5320-6105020-10;Замок двери правый г.Димитровград;849,00 руб.;шт;
5320-8406010;Замок панели в сборе г.Димитровград;173,00 руб.;шт;
236-1000102-00;К--т вкладышей коренной Р0 МАЗ 236;2 038,00 руб.;шт;
236-1000102-01;К--т вкладышей коренной Р1 МАЗ 236;2 021,00 руб.;шт;
236-1000102-02;К--т вкладышей коренной Р2 МАЗ 236;2 062,00 руб.;шт;
236-1000102-06;К--т вкладышей коренной Р6 МАЗ 236;1 876,00 руб.;шт;
238-1000102-00 Б2;К--т вкладышей МАЗ 238 коренной Р0;2 491,00 руб.;шт;
238-1000102-01 Б2;К--т вкладышей МАЗ 238 коренной Р1;2 599,00 руб.;шт;
238-1000104-00;К--т вкладышей МАЗ 238 шатунный Р0;2 810,00 руб.;шт;
238-1000104-01;К--т вкладышей МАЗ 238 шатунный Р1;2 760,00 руб.;шт;
238-1000104-02;К--т вкладышей МАЗ 238 шатунный Р2;2 879,00 руб.;шт;
7405-1000102-00 10шт. уп.;К--т вкладышей Р0 коренной;2 215,00 руб.;шт;
7405-1000102-01;К--т вкладышей Р1 коренной;2 087,00 руб.;шт;
7405-1000102-02;К--т вкладышей Р2 коренной;2 087,00 руб.;шт;
7405-1000102-03;К--т вкладышей Р3 коренной;2 006,00 руб.;шт;
7405-1000102-04;К--т вкладышей Р4 коренной;2 305,00 руб.;шт;
7405-1000102-05;К--т вкладышей Р5 коренной;2 087,00 руб.;шт;
7405-1000102-06;К--т вкладышей Р6 коренной;2 087,00 руб.;шт;
7405-1000102-07;К--т вкладышей Р7 коренной;2 006,00 руб.;шт;
7405-1000104-00  9 шт.уп.;К-т вкладышей Р0  шатунный;2 979,00 руб.;шт;
7405-1000104-01;К-т вкладышей Р1  шатунный;2 810,00 руб.;шт;
7405-1000104-02;К-т вкладышей Р2  шатунный;2 810,00 руб.;шт;
7405-1000104-03;К-т вкладышей Р3  шатунный;1 050,00 руб.;шт;
7405-1000104-04;К-т вкладышей Р4  шатунный;970,00 руб.;шт;
7405-1000104-05;К-т вкладышей Р5  шатунный;888,00 руб.;шт;
7405-1000104-06;К-т вкладышей Р6  шатунный;3 050,00 руб.;шт;
7405-1000104-07;К-т вкладышей Р7  шатунный;786,00 руб.;шт;
236-1000104-00 В2;К-т вкладышей шатунный Р0 МАЗ 236;2 108,00 руб.;шт;
236-1000104-01 В2;К-т вкладышей шатунный Р1 МАЗ 236;2 097,00 руб.;шт;
 ;К-т полукольцо Р0  верх+нижн. 183/184 4шт.;930,00 руб.;шт;
 ;К-т полукольцо Р1 верх+нижн. 183/184 4шт.;898,00 руб.;шт;
 ;К-т полукольцо Р2 верх+нижн. 184/183 4 шт.;780,00 руб.;шт;
5320-6105081;Привод замка двери лев. г.Димитровград;97,00 руб.;шт;
5320-6105080;Привод замка двери пр.г.Димитровград;97,00 руб.;шт;
5320-6105180;Ручка двери внутренняя г.Димитровград;224,00 руб.;шт;
5320-6105040;Ручка двери наружная к-т г.Димитровград;1 122,00 руб.;шт;
5320-6104060;Ручка стеклоподъемника  г.Димитровград;146,00 руб.;шт;
53205-6104011-00;Стеклоподъемник двери  ЕВРО левый;1 400,00 руб.;шт;
53205-6104010-00;Стеклоподъемник двери ЕВРО правый;794,00 руб.;шт;
5320-1108120-12;Тяга руч.управл.акселерат  (трос газа) г.Димитровград;214,00 руб.;шт;
5320-1108130;Тяга ручной остановки двигателя длинн. г.Димитровград;103,00 руб.;шт;
5320-6105035-10;Фиксатор замка левый г.Димитровград;351,00 руб.;шт;
5320-6105034-10;Фиксатор замка правый г.Димитровград;329,00 руб.;шт;
;Генераторы;;;
6562-3701000;Генератор 6562 КАМАЗ 4310 90А г.Самара;9 910,00 руб.;шт;
6582-3701000-02 М;Генератор 6582 КАМАЗ Евро 80А  2-х руч. г.Самара;10 628,00 руб.;шт;
6582-3701000-04 ГЧ;Генератор 6582 с широким шкивом ЕВРО г.Самара;9 710,00 руб.;шт;
6582-3701000-04 М;Генератор 6582 с широким шкивом ЕВРО г.Самара;10 361,00 руб.;шт;
AAN5182 Искра;Генератор Iskra ААN5182 24v80A Евро (аналог7762,4502,3782);10 200,00 руб.;шт;
Г273В1 НОВЫЙ;Генератор Г 273В1-3701000-03 (28В 50А) г.Самара;6 170,00 руб.;шт;
Г273В1-03М 80А;Генератор Г273В1-03М КАМАЗ, МАЗ 80А г. Самара;6 069,00 руб.;шт;
Г288Е-3701000;Генератор Г288Е 28 В 47А  г.Самара;10 960,00 руб.;шт;
7762-3701-03  (76А);Генератор МАЗ,Урал с дв. ЯМЗ Евро 2,3 г.Самара;5 406,00 руб.;шт;
БПВ46-65-02Б;Диодный мост Г273В1;408,00 руб.;шт;
БПВ 7-100-02;Диодный мост генератора 288,6562;459,00 руб.;шт;
БПВ 17-100-02;Диодный мост генератора 6582 ЕВРО;1 155,00 руб.;шт;
668.3701200-10;Ротор на Г 273В1-03  (50А);2 138,00 руб.;шт;
Г-40.3771;Ротор ФЭГТ 2000.015;1 224,00 руб.;шт;
Г65.3701100;Статор генератора 6562 (90А), 6582 (80А);2 637,00 руб.;шт;
Г273-3701100;Статор генератора Г273В1 коопер. Самара (45А);1 408,00 руб.;шт;
Г288-3701100;Статор генератора Г288 (47А);2 301,00 руб.;шт;
669.3701100-10;Статор на Г 273В1-03  (на 50А);1 347,00 руб.;шт;
Г273-3701010 А ЗАВОД;Щеткодержатель генератора;509,00 руб.;шт;
6582-3701010 ЗАВОД;Щеткодержатель ЕВРО;505,00 руб.;шт;
;Генераторы ПРАМО;;;
4501.3771-53;Генератор ( аналог 4001-53) (АТЭ-1) 28В 80А;10 702,00 руб.;шт;
1312.3771 Т;Генератор 1312.3771 (аналог  Г273В1) 28В 60А КАМАЗ, МАЗ;5 631,00 руб.;шт;
1322.3771 Т;Генератор 1322.3771 (аналог Г273В2) 28В 50А МАЗ;5 508,00 руб.;шт;
1702.3771 Т;Генератор 1702.3771 (аналог Г288Е) 28В 50А КАМАЗ, МАЗ, КРАЗ;7 733,00 руб.;шт;
3112.3771;Генератор 3112.3771  28В 80А МАЗ (7511)  (2-х руч.);6 758,00 руб.;шт;
3122.3771;Генератор 3122.3771 2-х руч. 28В 80А (аналог 6582-02) КАМАЗ;9 180,00 руб.;шт;
3142.3771;Генератор 3142.3771 (аналог Г4001-53) КАМАЗ Евро широкий шкив;10 185,00 руб.;шт;
4502.3771Т;Генератор 4502.3771 широкий рем. (аналог 7762) 28В 80А КАМАЗ ЕВРО-2,-3;7 926,00 руб.;шт;
4512.3771Т;Генератор 4512.3771 28В 90А МАЗ ЕВРО-3  широкий шкив;8 638,00 руб.;шт;
3142.3771-10;Генератор 740.30, 740.31, креп.10мм.6 руч, 28В 90А;9 244,00 руб.;шт;
3142.3771-20;Генератор 740.30, 740.31, креп.10мм.8 руч, 28В 90А;9 007,00 руб.;шт;
4542.3771-20 28В 120А;Генератор КАМАЗ  Евро-4,5  8 руч ПРАМО;10 782,00 руб.;шт;
4542.3771;Генератор КАМАЗ ЕВРО-3  28В 90А широкий шкив, пятипиновый разъем;9 015,00 руб.;шт;
4522.3771-10 28В 80А;Генератор КАМАЗ ЕВРО-3,4 10-ти ручейковый;8 548,00 руб.;шт;
3112.3771-01 Т 80А;Генератор средний;8 303,00 руб.;шт;
ПРАМО 16 тонн;Домкрат гидр.бут. 16т, 230-465 мм;1 505,00 руб.;шт;
ПРАМО 30 тонн;Домкрат гидр.бут. 30т, 240-370 мм;3 887,00 руб.;шт;
4502.3771.100-01;Статор на 4502,4212(10),4522(10),4532(10),4542;2 981,00 руб.;шт;
4502.3771.060;Щеткодержатель с регулятором;271,00 руб.;шт;
;ГУР, насос ГУРа, р/к насос ГУРа;;;
503-3405010-10;Гидроусилитель МАЗ;52 514,00 руб.;шт;
453198.237 ШНКФ;Гидроцилиндр подъема запасного колеса КАМАЗ г.Борисов;15 110,00 руб.;шт;
4310-3400020-03;ГУР  КАМАЗ г.Борисов;110 160,00 руб.;шт;
4310-3400020-01;ГУР  КАМАЗ г.Борисов;107 100,00 руб.;шт;
453461.425-01 ШНКФ;ГУР КамАЗ 4308, 4326, 6520 (двухосн., трехосные);120 502,00 руб.;шт;
4310-3407200-21;Насос ГУРа  КАМАЗ (усил.)18*1,5 внутр г.Борисов;18 092,00 руб.;шт;
4310-3407200-01;Насос ГУРа  КАМАЗ г.Борисов;17 769,00 руб.;шт;
130-3407199;Насос ГУРа (без бачка и шкива) г.Борисов;13 249,00 руб.;шт;
130-3407200-а;Насос ГУРа 130-3407200-а ЗИЛ г.Борисов;17 004,00 руб.;шт;
6520-3407200 г.Елец;Насос ГУРа 6520 г.Елец;21 719,00 руб.;шт;
4310-3407200-02 г. Елец;Насос ГУРа КАМАЗ (наружн.резьба);17 850,00 руб.;шт;
4310-3407200-11;Насос Гура Камаз левого вращения г.Борисов;18 576,00 руб.;шт;
256б-3407199-01;Насос ГУРа КРАЗ, Урал, МАЗ  г.Борисов;15 226,00 руб.;шт;
458662.250 ШНКФ;Насос МОК  в упаковке г.Борисов КАМАЗ, МАЗ (182.5004010-11);21 284,00 руб.;шт;
5320-3407244;Р/К Насос ГУРа г.Борисов;3 570,00 руб.;шт;
453479.011 ШНКФ;Р/К Насос Гура 453471.021 ШНКФ;2 236,00 руб.;шт;
453198.214 ШНКФ;Цилиндр МОК (с трубкой) 43114-5003014 КАМАЗ г.Борисов;20 225,00 руб.;шт;
453198.210 ШНКФ;Цилиндр МОК КАМАЗ г.Борисов;18 527,00 руб.;шт;
;Датчики, реле, рычаги, щетки;;;
110б-3811010(30А);Амперметр (30А);815,00 руб.;шт;
111б-3811010(50А);Амперметр (50А) Владимр;535,00 руб.;шт;
ВК318Б;Выключатель ВК318Б механч. Старый Оскол;281,00 руб.;шт;
1410.3737 4 шт.;Выключатель массы электр.;2 125,00 руб.;шт;
1400.3737 24В 50А;Выключатель массы КамАз-6520(крышка текстолит);1 759,00 руб.;шт;
5212.3827;Датчик  бензобака 500л. г.Владимир;740,00 руб.;шт;
ММ 125Д;Датчик  выкл.пневмат.сигнала торможения г.Пенза;43,00 руб.;шт;
5320-3829030 ММ 111(2602);Датчик аварийного давления масла г.Владимир;82,00 руб.;шт;
5320-3708500-00;Замок зажигания ВК-353 г.Санкт-Петербург;899,00 руб.;шт;
1902.3704;Замок зажигания ЕВРО (камаз);497,00 руб.;шт;
МЭ 307;Привод спидометра г.Самара;1 302,00 руб.;шт;
8602.3777;Реле блокировки стартера РБС г.Пенза;74,00 руб.;шт;
РС 951А.372610 (37 уп);Реле поворота  г.Владимир;1 216,00 руб.;шт;
27.5205700-02;Рычаг стеклоочистителя шт;130,00 руб.;шт;
80С;Термостат ТС 107.1306100-01М КАМАЗ;210,00 руб.;шт;
(30 уп)80С;Термостат ТС 107.1306100-01М набор 2+1 КАМАЗ;578,00 руб.;шт;
80С;Термостат ТС 108.1306100-01М ГАЗ 53, ПАЗ;180,00 руб.;шт;
272.5205500;Тяга;392,00 руб.;шт;
УБ 170;Указатель уровня топлива г. Октябрьский;210,00 руб.;шт;
27.5205800-02 М;Щетка  г.Ставрово к-т;155,00 руб.;шт;
;Запчасти КАМАЗ;;;
740-1029154;Вал ведомой шестерни;760,00 руб.;шт;
5320-2502201 г.Курган;Вал промежуточный среднего моста;1 100,00 руб.;шт;
14-1702027;Вилка перекл. 2-3 пер.КПП ОАО КАМАЗ;920,00 руб.;шт;
15-1771094;Вилка перекл.делителя КПП ОАО КАМАЗ;1 640,00 руб.;шт;
5320-2919040;Вкладыш реактивной штанги;34,00 руб.;шт;
5297-3414066;Вкладыш наконечника верхний;847,00 руб.;шт;
5320-3414067;Вкладыш наконечника нижний ОАО КАМАЗ;305,00 руб.;шт;
5511-2919034;Вкладыш реактивного пальца (толстый) ОАО КАМАЗ;499,00 руб.;шт;
15-1772010;Воздухораспределитель ОАО КАМАЗ;2 285,00 руб.;шт;
740-1005133;Втулка маховика;180,00 руб.;шт;
5320-2502029;Втулка распорная;463,00 руб.;шт;
154-1701282;Втулка шестерни 1-ой передачи;1 650,00 руб.;шт;
853550;Гайка конич.шестерни среднего моста;345,00 руб.;шт;
5425-3101040;Гайка пер. колеса ЕВРО ОАО КАМАЗ;48,00 руб.;шт;
5320-2502063;Гайка подшипника в сборе ОАО КАМАЗ;330,00 руб.;шт;
53205-2403040;Гайка подшипника дифер.бугельная ОАО КАМАЗ;630,00 руб.;шт;
4310-3103076;Гайка подшипника ступицы 4310 ОАО КАМАЗ;320,00 руб.;шт;
853567;Гайка сошки Гура;215,00 руб.;шт;
5320-3703058;Гнездо АКБ ОАО КАМАЗ ( без крышки);3 500,00 руб.;шт;
 ;Гнездо АКБ с крышкой в сборе;2 000,00 руб.;шт;
6520-3501090;Колодка тормозная в сб.ОАО КАМАЗ;3 952,00 руб.;шт;
5320-1109384;Колпак воздухозаборника ОАО КАМАЗ;830,00 руб.;шт;
55118-1109384;Колпак воздухозаборника в сборе;815,00 руб.;шт;
14-1701096;Кольцо маслонагнетательное ОАО КАМАЗ;415,00 руб.;шт;
15-1772132-10;Кран управления делителем(нов.обр.) ОАО КАМАЗ;2 040,00 руб.;шт;
5320-2905535;Кронштейн амортизатора левый;680,00 руб.;шт;
5320-2905534;Кронштейн амортизатора правый;680,00 руб.;шт;
5320-2509053;Муфта блокировки МОД ОАО КАМАЗ;810,00 руб.;шт;
14-1701580;Муфта с втулкой (к-т);2 000,00 руб.;шт;
5320-3501133;Накладка оси тормозных колодок ОАО КАМАЗ;86,00 руб.;шт;
740.11-1011014;Насос масляный без шестерни ЕВРО;7 365,00 руб.;шт;
740-1308110;Натяжитель ремня;2 355,00 руб.;шт;
53205-2806117;Палец буксирной вилки ОАО КАМАЗ;705,00 руб.;шт;
5320-8401012-00;Панель облицовочная верхняя ОАО КАМАЗ;2 943,00 руб.;шт;
5320-8401120;Панель облицовочная нижняя ОАО КАМАЗ;7 500,00 руб.;шт;
53205-8401120-00;Панель облицовочная нижняя ЕВРО ОАО КАМАЗ;6 200,00 руб.;шт;
5320-5301046;Панель передка боковая съемная ОАО КАМАЗ;1 620,00 руб.;шт;
5320-5301047;Панель передка боковая съемная ОАО КАМАЗ;880,00 руб.;шт;
5320-5399005-00;Панель с обтекателем левая в сборе ОАО КАМАЗ;1 570,00 руб.;шт;
5320-5399004-00;Панель с обтекателем правая в сборе ОАО КАМАЗ;1 570,00 руб.;шт;
740-1000128-1839;Поршневая ч/б с пальцем ОАО КАМАЗ (поршнекомплект);8 000,00 руб.;шт;
ЕВРО- 3;Р/К водяного насоса в сборе ЕВРО-3 НАШ;1 320,00 руб.;шт;
740-1011014-30;Р/К масляного насоса полный;825,00 руб.;шт;
5320-3501109;Ролик (тормозмой колодки) ОАО КАМАЗ;105,00 руб.;шт;
5320-2402046;Стакан подшипников ОАО КАМАЗ;3 200,00 руб.;шт;
14-1601142;Ступица ведомого диска ОАО КАМАЗ;450,00 руб.;шт;
5320-2918189;Стяжка кронштейнов оси (балансира) ОАО КАМАЗ;4 440,00 руб.;шт;
5320-3414009-00;Тяга продольная рулевая в сборе ОАО КАМАЗ;12 000,00 руб.;шт;
5297-3414009-00;Тяга продольная рулевая в сборе ОАО КАМАЗ;12 000,00 руб.;шт;
152-1701240;Фланец КПП круг. ОАО КАМАЗ;2 100,00 руб.;шт;
53205-2506016;Чашки МОД (к-т) ОАО КАМАЗ;25 000,00 руб.;шт;
5320-3501134;Чека ОАО КАМАЗ;17,00 руб.;шт;
740-1003216;Экран;24,00 руб.;шт;
;ЗИТ;;;
6661.3701;Генератор 6661 М-2141 дв. 412 Уфа ОАО ЗИТ;2 590,47 руб.;шт;
носик;Крышка СТ212Б1-3708400;560,00 руб.;шт;
носик;Крышка СТ222-3708400;500,00 руб.;шт;
20.3708600-01;Привод в сборе н/о (на редукт. 20,24 серию);465,00 руб.;шт;
 ;Привод в сборе СТ222-3708600 Т 25;605,00 руб.;шт;
24.3708600-01;Привод  МТЗ-80 в сборе;405,00 руб.;шт;
40000012;Редуктор с валом на стартер 9112;1 870,00 руб.;шт;
60.3708800;Реле втягивающее;700,00 руб.;шт;
20.3708800 стар.обр.;Реле стартера в сборе МТЗ-80 24В ОАО ЗИТ;1 310,00 руб.;шт;
2002.3708000-01 24В;Стартер взамен 20 Бычок, МТЗ редуктор. (5,9 кВт) ОАО ЗИТ;6 100,00 руб.;шт;
2412.3708000-01 12В 4кВт;Стартер Д-144,Т-40,Т25А2 редукт. (взамен 241 и 222А)  ОАО ЗИТ;6 100,00 руб.;шт;
2402.3708000-01 12В;Стартер МТЗ-50,80,100 редукт. 4 кВт (взамен 24)  ОАО ЗИТ;6 100,00 руб.;шт;
2012.37008000-01 24В;Стартер Т-40М  5,9  кВт (взамен 201)  ОАО ЗИТ;6 100,00 руб.;шт;
20-3708200-02 нов.обр.;Якорь стартера;1 695,00 руб.;шт;
;Компрессор г.Борисов;;;
53205-3509015-20 (21);Компрессор 1-ц. г.Ижевск 16 мм.;12 230,00 руб.;шт;
53205-3509015-02 АЙК;Компрессор 1-ц.( Айк-Мото) г.Ижевск 22 мм. выход сверху;12 818,00 руб.;шт;
ПК 306-01;Компрессор 1-цил. КАМАЗ г.Борисов;28 539,00 руб.;шт;
ПК 214-30;Компрессор  2-х цил. КАМАЗ 201 л/мин г.Борисов;28 705,00 руб.;шт;
5336-3509012  210л/м;Компрессор 5336-3509012 МАЗ, Урал со шкивом 210 л/мин г.Борисов;23 460,00 руб.;шт;
5336-3509012-01 201 л/мин;Компрессор 5336-3509012-01 без шкива ЗИЛ, МАЗ,КРАЗ,Урал, БЕЛАЗ г.Борисов;21 805,00 руб.;шт;
5336-3509012-10;Компрессор 5336-3509012-10 усилин. 270 л/мин г.Борисов;19 890,00 руб.;шт;
ПК 310;Компрессор МАЗ,Лиаз,Урал 320л/мин  г.Борисов;26 000,00 руб.;шт;
;Компрессор Литва;;;
18-3509015-20 ( 373л.);Компрессор 1 цил. Литва выход сверху;18 100,00 руб.;шт;
161-3509012-20;Компрессор 2-х 275 л/м (дв.ЯМЗ) Литва;23 460,00 руб.;шт;
5320-3509015;Компрессор 2-х цил. Литва;20 257,00 руб.;шт;
5320-3509015-10;Компрессор 2-х цил. Литва Н/О  275 л/мин;24 072,00 руб.;шт;
161-3509012;Компрессор 2-х цил. (дв.ЯМЗ)  201л/мин Литва;23 606,00 руб.;шт;
Р0 1-но цил.;Р/К  1-но цил. компрессора Р0 в сборе НАШ;618,00 руб.;шт;
без шатуна Р 1;Р/К  2-х цил. компрессора Р1 из 5-ти наим.;371,00 руб.;шт;
;Крестовины  БЕЛКАРД;;;
5320-2201025-02 меж.20шт;Крестовина 5320-2201025 межосевая г.Гродно;3 104,00 руб.;шт;
53205-2201025-10 меж.10шт;Крестовина  53205-2201025 м/о г.Гродно;4 188,00 руб.;шт;
4310-2205025 осн.10шт;Крестовина 4310-2205025 основная г.Гродно;4 999,00 руб.;шт;
53205-2205025-12 осн.10шт;Крестовина  53205-2205025 основная г.Гродно;4 579,00 руб.;шт;
130-2201025;Крестовина ЗИЛ 130-2201025 межосевая г.Гродно;459,00 руб.;шт;
131-2205025;Крестовина ЗИЛ 131-2205025 основная г.Гродно;765,00 руб.;шт;
голая;Крестовина осн. 5320-2205030-02 голая; ;шт;
голая;Крестовина осн. 53205-2205026-10 голая;1 379,00 руб.;шт;
 ;Подшипник 804707 А1 С10  ЕВРО короб. 90шт.;153,00 руб.;шт;
 ;Подшипник 804707 К8 С10 4310  короб. 90шт.;123,00 руб.;шт;
 ;Подшипник 804805 К2 С10   м/о короб. 180шт.;82,00 руб.;шт;
 ;Пыльник м/о;5,00 руб.;шт;
 ;Пыльник основной 5320;7,00 руб.;шт;
 ;Пыльник основной, м/о 53205;36,00 руб.;шт;
 ;Тавотница 45;4,00 руб.;шт;
853858;Тавотница 90;4,00 руб.;шт;
;Крестовины ПРАМО;;;
ПРАМО (118*39 мм);Крестовина 5320-2201026;567,00 руб.;шт;
ПРАМО (135*50 мм);Крестовина 5320-2205025-01;1 022,00 руб.;шт;
ПРАМО (50*135мм) М/О;Крестовина 53205-2201025;1 525,00 руб.;шт;
ПРАМО (155*50 мм) ОСН.;Крестовина 53205-2205025;1 093,00 руб.;шт;
5320-3422039 АЕ;Крестовина в сборе (28*68) рулевого вала КАМАЗ, Агротэк;255,00 руб.;шт;
5320-2201025 Агротэк;Крестовина в сборе (39*118) м/о Агротэк;688,00 руб.;шт;
6520-2201025 АЕ;Крестовина в сборе (50*135) евро-2 м/о,Агротэк;1 270,00 руб.;шт;
5320-2205025 АЕ;Крестовина в сборе (50*135) Агротэк;1 202,00 руб.;шт;
53205-2205025 АЕ;Крестовина в сборе (50*155) евро осн, Агротэк;1 314,00 руб.;шт;
4310-2205025 АЕ;Крестовина в сборе (50*155) КАМАЗ,КРАЗ,МАЗ(Агротэк);1 348,00 руб.;шт;
53205S-2201025 (уп 6);Крестовина ВЕБЕР (малая) ЕВРО;592,00 руб.;шт;
УниверсалКарданДеталь;Крестовина У.4310-2205025;1 757,00 руб.;шт;
УниверсалКарданДеталь;Крестовина У.5320-2201025 межосевая;845,00 руб.;шт;
У 5320-2205025-10;Крестовина У.5320-2205025-10 основная со стопорными кольцами;1 551,00 руб.;шт;
УниверсалКарданДеталь;Крестовина У.53205-2201025 межосевая;1 744,00 руб.;шт;
УниверсалКарданДеталь;Крестовина У.53205-2205025 основная;1 921,00 руб.;шт;
УниверсалКарданДеталь;Крестовина У.6520-2201025 межосевая;1 751,00 руб.;шт;
УКД ЕВРО-2;Крестовина У.6520-2201025-10  мал. в сб.;1 836,00 руб.;шт;
5511-3502237 ПРАМО;Рычаг регулировочный левый 10 т. трещётка зад.;842,00 руб.;шт;
5320-3502236 ПРАМО;Рычаг регулировочный правый 8 т. трещётка зад.;725,00 руб.;шт;
;НШ г.Ставрополь;;;
НШ-10;НШ-10 ПРАВЫЙ г.Ставрополь;700,00 руб.;шт;
;НШ Гидросила;;;
НШ-10 У3;Насос НШ-10 У3 (4-х шл.) правый;2 700,00 руб.;шт;
НШ-50А3 правый;Насос НШ-50 А3 правый круглый;12 000,00 руб.;шт;
;Оптика;;;
А 24-21+5;Лампа А 24-21+5 г.Брест 2-х конт.;5,00 руб.;шт;
УП118-3726010-П;Передний указатель поворота правый г.Киржач;245,00 руб.;шт;
62 3711201-01;Стекло фары (галоген) ВАЗ-2101,ГАЗ-2410;11,87 руб.;шт;
ФГ140 3711201;Стекло фары ВАЗ-2101,ГАЗ-2410;10,82 руб.;шт;
4502.3712;Фонарь УП-1 (4502.3712) ОСВАР;275,00 руб.;шт;
;РТИ;;;
5320-2902624;Буфер передней рессоры ОАО БРТ;493,00 руб.;шт;
5320-5130027;Вставка уплотнителя рычага КПП ОАО БРТ;519,00 руб.;шт;
5320-5002025;Втулка торсиона ОАО БРТ;90,00 руб.;шт;
5320-1609569;Гофра ПГУ ОАО БРТ;10,00 руб.;шт;
5320-2509017;Диафрагма механизма блокировки МОД ОАО БРТ;27,00 руб.;шт;
106005-23;К-т пр-ок блока двигателя КАМАЗ (темпсил) ПРОФИ 7 наименований;48,00 руб.;шт;
106004-23;К-т пр-ок водяной коробки двигателя КАМАЗ (темпсил) ПРОФИ 4 наименования;10,00 руб.;шт;
106006-23;К-т пр-ок гидромуфты двигателя КАМАЗ (темпсил) ПРОФИ 6 наименований;22,00 руб.;шт;
106001-23;К-т пр-ок двигателя КАМАЗ (темпсил) ПРОФИ 24 наименования;95,00 руб.;шт;
106002-23;К-т пр-ок картера маховика КАМАЗ (темпсил) ПРОФИ 7 наименований;48,00 руб.;шт;
33.1111069;Кольцо ТНВД ОАО БРТ;5,00 руб.;шт;
33.1111083;Кольцо ТНВД ОАО БРТ;5,00 руб.;шт;
740-1105075;Кольцо уплотнительное (ФГОТ, ФЦОМ) ОАО БРТ;10,00 руб.;шт;
740-1109553;Кольцо уплотн. воздушного фильтра ОАО БРТ;279,00 руб.;шт;
864117(115х145);Манжета балансира ОАО БРТ;171,00 руб.;шт;
740-1318166 (100х125х12);Манжета гидромуфты ЗАО ВРТ;401,00 руб.;шт;
740-1318186 (34х50х10);Манжета гидромуфты ЗАО ВРТ;116,00 руб.;шт;
864141;Манжета ГУР на сошку (42*58*10);40,80 руб.;шт;
864113  (22х34,5х6);Манжета ГУР на угловой редуктор;29,00 руб.;шт;
5320-1602517 (29х26х5);Манжета ГЦС ОАО БРТ;26,00 руб.;шт;
7405-1005160 (105х130);Манжета коленвала ЕВРО Резерв;295,00 руб.;шт;
14-1701230-01;Манжета КПП (45х64) ЗАО ВРТ;165,00 руб.;шт;
6520-2502280;Манжета с пружиной в сборе;690,00 руб.;шт;
6520-2402176;Манжета с пружиной в сборе 80*105 наружн.;732,00 руб.;шт;
6520-2502180;Манжета с пружиной в сборе 80*105 сред. мост;784,00 руб.;шт;
864129-01(142х168х16);Манжета ступицы задней  ОАО БРТ;153,00 руб.;шт;
864135-01;Манжета ступицы передней ОАО БРТ с пружиной;198,00 руб.;шт;
864195 (70*92*10);Манжета хвостовика Евро;325,00 руб.;шт;
864180 (70х92х12х16);Манжета хвостовика ЗАО ВРТ;296,00 руб.;шт;
864176 (70х92х12х16);Манжета хвостовика ЗАО ВРТ;298,00 руб.;шт;
100-3519250Р;Мембрана тип 24 ОАО БРТ;218,00 руб.;шт;
100-3519350;Мембрана тип 30 ОАО БРТ;218,00 руб.;шт;
6520-1303026;Патрубок радиатора 6520 нижний ОАО БРТ;950,00 руб.;шт;
5320-1303027;Патрубок радиатора Шланг Ф68х120 ОАО БРТ;139,00 руб.;шт;
5320-1303026;Патрубок радиатора ШЛАНГ Ф68х200 ОАО БРТ;214,00 руб.;шт;
5320-1311049;Патрубок расширительного бачка ШЛАНГ Ф30Р ОАО БРТ;110,00 руб.;шт;
740-1014138;Патрубок сапуна переходной ОАО БРТ;87,00 руб.;шт;
5320-5001021;Подушка переднего крепления кабины нижняя ОАО БРТ;870,00 руб.;шт;
5320-3513092-01Р;Прокладка баллона (рессивера) ОАО БРТ;51,00 руб.;шт;
740-1115026-01;Прокладка впускного коллектора (домик);13,00 руб.;шт;
7403-1008050 армир.;Прокладка выпускного коллектора;35,00 руб.;шт;
740-1003213-20;Прокладка ГБЦ ОАО БРТ;108,00 руб.;шт;
740-1003270-11;Прокладка клапанной крышки ОАО БРТ;73,00 руб.;шт;
740-1009040;Прокладка поддона ОАО БРТ;261,00 руб.;шт;
5320-2201043;Пыльник крестовины м/о ОАО БРТ;25,00 руб.;шт;
5320-2205042;Пыльник крестовины осн. ОАО БРТ;30,00 руб.;шт;
 ;Р/К 1Р головка блока цилиндров из 5 наим. ОАО БРТ;2 538,00 руб.;шт;
 ;Р/К 1РА гильзы ОАО БРТ;1 203,00 руб.;шт;
 ;Р/К 27Р помпа ОАО БРТ;82,00 руб.;шт;
 ;Р/К 27РМ помпа ОАО БРТ;205,00 руб.;шт;
 ;Р/К 28Р масляный фильтр ОАО БРТ;83,00 руб.;шт;
 ;Р/К 29Р передней камеры ОАО БРТ;263,00 руб.;шт;
 ;Р/К 2Р система охлаждения ОАО БРТ;107,00 руб.;шт;
 ;Р/К 2РС система охлаждения ОАО БРТ;124,00 руб.;шт;
 ;Р/К 30Р топливный фильтр ОАО БРТ;124,00 руб.;шт;
 ;Р/К 31Р КУТП-1 ОАО БРТ;345,00 руб.;шт;
 ;Р/К 32Р КУТП-2 ОАО БРТ;241,00 руб.;шт;
 ;Р/К 32Р КУТП-2 с клапаном ОАО БРТ;218,00 руб.;шт;
 ;Р/К 33Р ГУР 5320 ОАО БРТ;138,00 руб.;шт;
 ;Р/К 34Р ТНВД ОАО БРТ;257,00 руб.;шт;
 ;Р/К 34РР ТНВД+манжета ОАО БРТ;500,00 руб.;шт;
 ;Р/К 34РС секция ТНВД ОАО БРТ;194,00 руб.;шт;
 ;Р/К 35Р ГЦС ОАО БРТ;125,00 руб.;шт;
 ;Р/К 36Р ускорительный клапан ОАО БРТ;104,00 руб.;шт;
 ;Р/К 36РП ускорительный клапан ОАО БРТ;227,00 руб.;шт;
 ;Р/К 39Р влагоотделитель ОАО БРТ;47,00 руб.;шт;
 ;Р/К 3Р на ПГУ ОАО БРТ;558,00 руб.;шт;
 ;Р/К 41РП энергоак. 4310 с пластмас. ОАО БРТ;580,00 руб.;шт;
 ;Р/К 44Р  ППЗ ОАО БРТ;72,00 руб.;шт;
 ;Р/К 45Р ручник ОАО БРТ;43,00 руб.;шт;
 ;Р/К 45РП ручник ОАО БРТ;175,00 руб.;шт;
 ;Р/К 46Р подвески радиатора ОАО БРТ;255,00 руб.;шт;
 ;Р/К 4Р энергоаккумулятор 5320 ОАО БРТ;419,00 руб.;шт;
 ;Р/К 4РП энергоаккумулятор 5320 ОАО БРТ;517,00 руб.;шт;
 ;Р/К 57Р кулисы ОАО БРТ;372,00 руб.;шт;
 ;Р/К 58Р ГУРа 4310 ОАО БРТ;635,00 руб.;шт;
 ;Р/К 5Р РДВ ОАО БРТ;218,00 руб.;шт;
 ;Р/К 5РП  РДВ ОАО БРТ;223,00 руб.;шт;
 ;Р/К 62Р механизм блокировки ОАО БРТ;95,00 руб.;шт;
 ;Р/К 6Р  ГТК ОАО БРТ;339,00 руб.;шт;
 ;Р/К 7Р клапан двойной защиты ОАО БРТ;210,00 руб.;шт;
 ;Р/К 90РШ из 3-х патрубков (010,026,027);574,00 руб.;шт;
5320-3509015-10 н/о;Р/К компрессора;1 040,00 руб.;шт;
5320-3509015;Р/К компрессора;495,00 руб.;шт;
2-х цил.;Р/К компрессора (6 наименований) паронит;34,00 руб.;шт;
18-3509015;Р/К компрессора 1-ц;597,00 руб.;шт;
740-1308020-10;Ремень 1250 зубчатый ОАО БРТ;375,00 руб.;шт;
740-1307170Р;Ремень 1320 ОАО БРТ;253,00 руб.;шт;
864158-10Р (864159);Сальник п/оси КамАЗ-4310;216,00 руб.;шт;
5320-5130029-01Р;Уплотнитель педали тормоза ОАО БРТ;86,00 руб.;шт;
5320-6107805;Уплотнитель проема двери УП 805 ОАО БРТ;347,00 руб.;шт;
5320-5130016-01;Уплотнитель рычага КПП ОАО БРТ;706,00 руб.;шт;
5320-6103123;Уплотнитель форточки двери лев.;414,00 руб.;шт;
5320-6103122;Уплотнитель форточки двери ОАО БРТ;431,00 руб.;шт;
100-3519180Р;Уплотнитель энергоаккумулятора ОАО БРТ;121,00 руб.;шт;
;РТИ Строймаш;;;
СТР;Прокладка головки блока 740.30-1003213;280,00 руб.;шт;
7406-1003270-01 СТР;Прокладка клапанной крышки Евро;220,00 руб.;шт;
СТР;Р/К система охлаждения;110,00 руб.;шт;
СТР;Р/К топливного фильтра;198,00 руб.;шт;
;Стартер г.Борисов;;;
5402-3708600-01;Бендикс КАМАЗ Евро;1 720,00 руб.;шт;
5432-3708600-01;Бендикс г. Борисов;2 254,00 руб.;шт;
СТ142Б-3708600;Бендикс  г.Борисов 10 зуб.;1 834,00 руб.;шт;
142Т-3708000;Крепление стартера МАЗ;335,00 руб.;шт;
142-3708830;Крышка втягивающего реле в сборе с болтами;556,00 руб.;шт;
5432.3708110-01;Обмотка стартера  5402-01,5432-10-20;3 143,00 руб.;шт;
СТ142-3708110;Обмотка стартера СТ142-3708110 г.Борисов;4 630,00 руб.;шт;
СТ142Б2-3708800;Реле втягивающее г.Борисов;3 844,00 руб.;шт;
5402-3708800;Реле втягивающее;3 208,00 руб.;шт;
5432-3708800-10;Реле втягивающее (стартер 5432-10, 5402-01) г.Борисов;2 893,00 руб.;шт;
РС-24Д;Реле стартера дополнит. г.Борисов;1 316,00 руб.;шт;
5402.3708-01;Стартер 5402 КАМАЗ Евро 2, 3 , Урал (редукторный с доп. реле);17 417,00 руб.;шт;
5402-3708;Стартер 5402 ЕВРО редукт (аналог AZF 4554) 24В, 5,4 кВт,10 зуб.  г.Борисов;16 218,00 руб.;шт;
5422.3708 24В 10кВ б/н;Стартер Евро-2 (Аналог БОШ взамен 0001261006) г.Борисов;19 052,00 руб.;шт;
СТ142Б-3708-10;Стартер КАМАЗ ЕВРО-2,3 г.Борисов  (8,2 кВт 24В 10 зуб);25 924,00 руб.;шт;
СТ142Б2-3708;Стартер КАМАЗ г.Борисов (24В 8,2кВт);26 622,00 руб.;шт;
5432-3708-10 с доп.реле;Стартер КАМАЗ,Зил-133ГЯ,Урал,ЛиАЗ, редукт.24В 5,5кВт (ан. 3367) г.Борисов;19 870,00 руб.;шт;
5432-3708000 МАЗ;Стартер МАЗ 10 зуб. 24В 9кв.(ан. 4581) г.Борисов;16 397,00 руб.;шт;
5432-3708-01;Стартер МАЗ 10 зуб. 24В 9кв.(ан.4581) с доп. реле;17 466,00 руб.;шт;
СТ142Т-3708;Стартер МАЗ 11зуб. г.Борисов;25 959,00 руб.;шт;
СТ142Т-3708-10;Стартер МАЗ евро 10зуб.г.Борисов;25 062,00 руб.;шт;
СТ142-3708330;Траверза СТ 142Б1;1 383,00 руб.;шт;
 ;Щетки (комплект) ст 5404,5402(-1),5412,5432,;204,00 руб.;шт;
СТ142-3708060-10;Щетки стартера СТ 142Б1;62,00 руб.;шт;
СТ 142-3708200;Якорь стартера г.Борисов;8 503,00 руб.;шт;
СТ 142-3708200-10;Якорь стартера ЕВРО г.Борисов;8 503,00 руб.;шт;
;Стартер г.Ржев;;;
2502.3708.600-10 г.Ржев;Бендикс ( для ст.25.3708 КАМАЗ);2 632,00 руб.;шт;
2502.3708.600;Бендикс 11 зуб МАЗ (подходит на стартер 142Т) г.Ржев;1 224,00 руб.;шт;
2501.3708.150-10;Катушка (обмотка) КАМАЗ;1 184,00 руб.;шт;
2501.3708.150-01;Катушка (обмотка)  МАЗ г.Ржев;4 017,00 руб.;шт;
42.3708.600 ХН-006;Привод стартера (АТЭ-1);204,00 руб.;шт;
42.3708.600-10 ХН-949;Привод стартера (АТЭ-1);204,00 руб.;шт;
42.3708.800-01 ХН-3-017;Реле втягивающее (АТЭ-1);551,00 руб.;шт;
42.3708.800-11 ХН-3-082;Реле втягивающее (АТЭ-1);551,00 руб.;шт;
42-3708-11 Р;Стартер (АТЭ-1) ГАЗ, УАЗ с двиг. ЗМЗ - 406.10, 4061.10, 4062.10;3 754,00 руб.;шт;
42-3708 Р;Стартер (АТЭ-1) ГАЗ, УАЗ с двиг. УМЗ 3151-01, 3303-01, 3741-01;3 754,00 руб.;шт;
422-370800;Стартер (АТЭ-1) ГАЗ с дв.ЗМЗ 402.10,4021.10,4025.10;3 754,00 руб.;шт;
9112 М9Т четыре болта;Стартер КАМАЗ (АТЭ-1) 24В 8,5 кВт редукторный;8 364,00 руб.;шт;
2501.3708-21 МАЗ;Стартер МАЗ 10 зуб. ЕВРО нов/обр. г.Ржев;28 553,00 руб.;шт;
2501.3708-40 МАЗ;Стартер МАЗ 11 зуб. г.Ржев;28 451,00 руб.;шт;
25.3708.320;Траверза высокая г.Ржев;719,00 руб.;шт;
2502.3708.320-11;Траверза низкая г.Ржев;704,00 руб.;шт;
2501.3708.200-03;Якорь стартера МАЗ ( для стар. 2501-40) г.Ржев;12 795,00 руб.;шт;
;Стартер пр-во Словения;;;
16.904.237;Бендикс на ст. 3367,3436 (Искра) г.Самара;1 576,00 руб.;шт;
16911674  АТЭ;Бендикс на ст.4554 АТЭ;829,00 руб.;шт;
 ;Крышка стартера (носик) пр-во Словения;82,00 руб.;шт;
 ;Крышка стартера задняя пр-во Словения;82,00 руб.;шт;
16904832;Редуктор стартера AZF 4554,4581;2 193,00 руб.;шт;
16.670.421;Реле втягивающее AZJ 3367 г.Самара;1 831,00 руб.;шт;
16.670.546;Реле стартера ст.4554 г.Самара;1 933,00 руб.;шт;
4554 AZF(11131150);Стартер AZF 4554 КАМАЗ ЕВРО 24V 4kW z10 пр-во ISKRA ( ЕВРО 6520);17 697,00 руб.;шт;
4594 AZF(11131359);Стартер AZF 4594 КАМАЗ 4308 с двигателем Cummins 24 V z10 пр-во ISKRA;17 850,00 руб.;шт;
3367 AZJ;Стартер AZJ 3367 КАМАЗ, ДТ 75 (аналог 9112) 24V 6kW пр-во ИСКРА Словения;17 833,00 руб.;шт;
С4929600 kw 6.0;Стартер КАМАЗ 4308 дв. Cammins (Китай) 24V z12;15 300,00 руб.;шт;
16908995;Щетки стартера AZF 4554;834,00 руб.;шт;
;Тормозная аппаратура SORL;;;
3514 009 013 0;ГТК н/обр. с педалью 100-3514108 SORL;2 712,00 руб.;шт;
3514 009 014 0;ГТК н/обр.(без педали) 100-3514108-10 SORL;2 332,00 руб.;шт;
3533 009 013 0;Клапан двухмагистральный 100-3562010-10 SORL;638,00 руб.;шт;
3522 001 015 0;КУТП-2 100-3522010 SORL;2 250,00 руб.;шт;
3522 002 038 0;КУТП-2 ЕВРО с глушителем 25-3522210-10 SORL;2 614,00 руб.;шт;
3526 004 201 0;Ручник 2-х выходной WABKO 961 723 038,001,015 SORL;2 780,00 руб.;шт;
3530 010 646 0;Энергоаккумулятор тип 30/24 25-3519301 SORL;3 643,00 руб.;шт;
;Тормозная аппаратура Автокомпонент Плюс;;;
16-3521110;Головка ПАЛМ Автокомпонент Плюс;138,00 руб.;шт;
16-3521111;Головка ПАЛМ Автокомпонент Плюс;138,00 руб.;шт;
16-3514008;ГТК Автокомпонент плюс;1 561,00 руб.;шт;
16-3515010;Клапан защитный одинарный ( Автокомпонент плюс);146,00 руб.;шт;
16-3537110;Кран пневматический (авар.растормаж.) Автокомпонент Плюс;276,00 руб.;шт;
16-3514108;Кран подпедальный ( Автокомпонент плюс);1 561,00 руб.;шт;
16-3537310;Ручник ЕВРО 4-х Автокомпонент Ппюс;1 051,00 руб.;шт;
;Тормозная аппаратура ПААЗ г.Полтава;;;
11.3521411 ПААЗ;Головка ПАЛМ автомат. г.Полтава;633,00 руб.;шт;
11.3521410 ПААЗ;Головка ПАЛМ автомат. г.Полтава;633,00 руб.;шт;
100.3521111 ПААЗ;Головка ПАЛМ г.Полтава;580,00 руб.;шт;
100.3521110 ПААЗ;Головка ПАЛМ г.Полтава;580,00 руб.;шт;
64221-3514008 (8000);ГТК БелОМО;7 452,00 руб.;шт;
6025.3562010;Клапан двухмагистральный ЕВРО Беларусь;605,00 руб.;шт;
13.3515310 ПААЗ;Клапан контрольного вывода  г.Полтава;361,00 руб.;шт;
64221-3518010-10 ЕВРО;Клапан ускорительный под глушитель БЕЛОМО;2 601,00 руб.;шт;
11.3515410 ПААЗ;Клапан четырехконтурный  г.Полтава;3 111,00 руб.;шт;
64221-3537110 (8002);Кран аварийного раст. 64221-3537110 БелОМО;1 367,00 руб.;шт;
100.3537110;Кран аварийного растормаживания г.Полтава;1 235,00 руб.;шт;
8099-3514108;Кран подпедальный КАМАЗ-6520 БелОМО;7 691,00 руб.;шт;
8090-3514100;Кран подпедальный МАЗ (аналог WABKO 4613190080) БелОМО;8 931,00 руб.;шт;
8099-3514108-10;Кран подпедальный Нефаз (снизу сапун кривой) БелОМО;6 794,00 руб.;шт;
12.3520010 ПААЗ;Кран разобщительный 12.3520010 г.Полтава;911,00 руб.;шт;
14.3520010 ПААЗ;Кран разобщительный МТЗ ПААЗ;696,00 руб.;шт;
8708-3537310;Кран ручника Беломо ( аналог WABKO 961 723 100);4 142,00 руб.;шт;
100.3522110;КУТП-1 г.Полтава;4 792,00 руб.;шт;
64221-3522010 (6024);КУТП-2  Беларусь ЕВРО;5 214,00 руб.;шт;
100.3522010;КУТП-2 г.Полтава;4 315,00 руб.;шт;
11.3522008;КУТП-2 ЕВРО с клапаном обрыва г.Полтава;4 760,00 руб.;шт;
5320-3514012;Педаль ГТК н/о в сборе;204,00 руб.;шт;
 ;Р/К насоса топл. РНМ;90,00 руб.;шт;
11.3512010 ПААЗ;РДВ 11.3512010 г.Полтава (МАЗ, КРАЗ,УРАЛ);4 871,00 руб.;шт;
11.3512010-10 ПААЗ;РДВ 11.3512010-10 г.Полтава  (КАМАЗ);4 488,00 руб.;шт;
11.3537310;Ручник (ЕВРО, 4 отв.) г.Полтава;3 280,00 руб.;шт;
64221-3537310 (6029)-30;Ручник ЕВРО МАЗ БелОМО;2 944,00 руб.;шт;
;Тормозная аппаратура РААЗ г.Рославль;;;
25-3511110-01;Влагоотделитель с РДВ  г.Рославль;7 609,00 руб.;шт;
100-3521110-10;Головка автоматическая  г.Рославль;785,00 руб.;шт;
100-3521111-10;Головка автоматическая г.Рославль;785,00 руб.;шт;
100-3521111;Головка ПАЛМ  г.Рославль;713,00 руб.;шт;
100-3521110;Головка ПАЛМ  г.Рославль;713,00 руб.;шт;
100-3514008;ГТК г.Рославль;6 581,00 руб.;шт;
100-3519210;Камера передняя тип 24  г.Рославль;2 256,00 руб.;шт;
100-3519200;Камера тормозная 4310 тип 24х24 г.Рославль;5 676,00 руб.;шт;
100-3519100;Камера тормозная 5320 тип 20х20  г.Рославль;4 745,00 руб.;шт;
100.3519100-10 левые;Камера тормозная  5320 тип 20х20  г.Рославль;4 812,00 руб.;шт;
100-3519100-30 правые;Камера тормозная  5320 тип 20х20  г.Рославль;4 812,00 руб.;шт;
25-3519301;Камера тормозная  6520 тип 30/24 г.Рославль;7 364,00 руб.;шт;
5 435 05 002 1СЕРБИЯ;Камера тормозная 5320 тип 20х20  РРТ;4 925,00 руб.;шт;
100-3519310;Камера тормозная прицепа тип 30 г.Рославль;2 227,00 руб.;шт;
100-3518110;Клапан  быстрого растормаживания РААЗ;1 975,00 руб.;шт;
100-3515010;Клапан  защитный 1-й  г.Рославль;1 540,00 руб.;шт;
100-3515110;Клапан  защитный 2-й  г.Рославль;2 559,00 руб.;шт;
100-3515210;Клапан  защитный 3-й    г.Рославль;2 910,00 руб.;шт;
100-3562010;Клапан 2-х магистральный  г.Рославль;862,00 руб.;шт;
100-3515510-20;Клапан защитный 4-х контурный РААЗ;3 003,00 руб.;шт;
100-3515310 высок.;Клапан контрольного вывода  г.Рославль;385,00 руб.;шт;
100-3515310-01 мален.;Клапан контрольного вывода  г.Рославль;385,00 руб.;шт;
100-3534010;Клапан огран. давления  г.Рославль;2 887,00 руб.;шт;
100-3518010;Клапан ускорительный   г.Рославль;2 706,00 руб.;шт;
100-3518010-10;Клапан ускорительный ЕВРО г.Рославль;2 811,00 руб.;шт;
100-3537110;Кран аварийного раст. 100-3537110 г.Рославль;1 428,00 руб.;шт;
100-3514108-10;Кран подпедальный   100-3514108-10  г.Рославль;6 394,00 руб.;шт;
100-3531008;Кран прицепа 100-3531008 г.Рославль;7 019,00 руб.;шт;
100-3520010;Кран разобщительный 100-3520010  г.Рославль;1 550,00 руб.;шт;
100-3513110;Кран слива  100-3513110 г.Рославль;340,00 руб.;шт;
100-3522110;КУТП-1 г.Рославль;5 479,00 руб.;шт;
100-3522010;КУТП-2 г.Рославль;6 409,00 руб.;шт;
25.3522210;КУТП-2 с клап. обрыва  г.Рославль;6 042,00 руб.;шт;
100-3536010;ППЗ 100-3536010  г.Рославль;2 675,00 руб.;шт;
100-3512010 упк.2 шт.;РДВ 100-3512010  г.Рославль;5 677,00 руб.;шт;
100-3533010-10;Регулятор тормозных сил 100-3533010-10  г.Рославль;4 902,00 руб.;шт;
100-3537010;Ручник 100-3537010 г.Рославль;4 191,00 руб.;шт;
100-3537310;Ручник ЕВРО 100-3537310 г.Рославль;3 366,00 руб.;шт;
100-3511310;Фильтр магистральный г.Рославль;1 280,00 руб.;шт;
100-3570110;Цилиндр пневматический г.Рославль;1 211,00 руб.;шт;
100-3570210;Цилиндр пневматический г.Рославль;1 508,00 руб.;шт;
;Фитинги, хомуты;;;
 ;Фитинг (угловой) 04 мм.;31,00 руб.;шт;
 ;Фитинг Etom (прямой) 06 мм.;10,00 руб.;шт;
 ;Фитинг Etom (тройник) 06 мм.;8,50 руб.;шт;
 ;Фитинг Etom (тройник) 08 мм.;10,50 руб.;шт;
 ;Фитинг Etom (тройник) 12 мм.;12,50 руб.;шт;
 ;Фитинг Etom (тройник) 14 мм.;40,00 руб.;шт;
 ;Фитинг Etom ( тройник) 16 мм.;45,00 руб.;шт;
 ;Фитинг Etom (угловой) 06 мм.;6,50 руб.;шт;
 ;Фитинг Etom (угловой) 08 мм.;8,00 руб.;шт;
 ;Фитинг Etom (угловой) 10 мм.;9,00 руб.;шт;
 ;Фитинг Etom (угловой) 12 мм.;10,50 руб.;шт;
Металл;Фитинг MRUC  (прямой) 08 мм.;85,00 руб.;шт;
Металл;Фитинг MRUC (прямой) 10 мм.;105,00 руб.;шт;
Металл;ФитингMRUC  (прямой) 12 мм.;103,00 руб.;шт;
Металл;Фитинг MRUC (прямой) 15 мм.;176,00 руб.;шт;
;ШААЗ г.Шадринск;;;
54115Ш-1301010-01 3-х;"Радиатор водяной ""CuproBraze""";14 000,00 руб.;шт;
;Шланги;;;
 ;Крышка гнезда АКБ пластик ТК-5320;610,00 руб.;шт;
740.21-1118310 длинная;Трубка подвода масла ТКР;160,00 руб.;шт;
7,5 м.;Шланг желто-красный  к-т.;240,00 руб.;шт;
5320-2511016;Шланг МОД (кривой) Казань;30,00 руб.;шт;
 ;Шланг прицепа 3,4 м.;160,00 руб.;шт;
4310-3506442-10;Шланг тормозной 4310 задний г/г (пруж.);82,00 руб.;шт;
4310-3506060;Шланг тормозной 4310 передний ш/г;76,00 руб.;шт;
;Элементы фильтров;;;
 ;Крышка ФГОМ ЕВРО;2 200,00 руб.;шт;
560-1017004;Фильтр очистки масла 560 Штайр Колан;150,00 руб.;шт;
020-ФТ245-1117010 1/40;ФТОТ ЕВРО-3 Д-245 Д-243 синий г.Гродно;290,00 руб.;шт;
В 4391;Эл.фильтра воздушного ЕВРО-3 г.Гродно;1 070,00 руб.;шт;
740-1109560;Эл.фильтра воздушный г.Гродно;850,00 руб.;шт;
7405-1109560;Эл.фильтра воздушный ЕВРО г.Гродно;950,00 руб.;шт;
В 4313 наружний;Эл.фильтра воздушный ЕВРО-2 г.Гродно;720,00 руб.;шт;
8421-1109080 МЭ;Эл.фильтра воздушный низкий МАЗ ЕВРО,ТУТАЙ г.Гродно;290,00 руб.;шт;
238Н-1109080;Эл.фильтра воздушный МАЗ  г.Гродно;358,00 руб.;шт;
240-1017040 (6 шт);Эл.фильтра МАЗ масляный  г.Гродно м/с;42,00 руб.;шт;
740-1012040-10 м/с (6 шт);Эл.фильтра масляный в метал.сетке г.Гродно;108,00 руб.;шт;
7405-1012040 м/с (6 шт);Эл.фильтра масляный ЕВРО в метал.сетке г.Гродно;141,00 руб.;шт;
М 5334;Эл.фильтра масляный ниточный ЕВРО г.Гродно;126,00 руб.;шт;
740-1117040-10 м/с (13шт);Эл.фильтра топливный в метал.сетке г.Гродно;68,00 руб.;шт;
740-1117040 уп.13шт.;Эл.фильтра топливный  г.Гродно;18,00 руб.;шт;
7405-1017040 ЭФМ703;Элемент масляного фильтра ЕВРО железный г.Ливны;960,00 руб.;шт;
;Энергомаш;;;
21.3759-05(30А);Конвертер 24/12 V г.Калуга;3 598,00 руб.;шт;
612.3702-08;Регулятор напряжения в сб (7762)  г.Калуга;460,00 руб.;шт;
612.3702-05;Регулятор напряжения в сборе (3252,7762-02,7762-03)  г.Калуга;316,00 руб.;шт;
612.3702-06(в сб. с ЩУ);Регулятор напряжения в сборе со щеточным узлом на ген. 4502  г.Калуга;180,00 руб.;шт;
621.3702-01(7332.3702);Регулятор напряжения на генер. 40.3771,Г3000  г.Калуга;111,00 руб.;шт;
621.3702-02 (7342.3702);Регулятор напряжения на генер. Г3000А  г.Калуга;105,00 руб.;шт;
13.3787-01 (7312.3777-02);Реле блокировки стартера КамАЗ, Евро, Краз, ЗИЛ г.Калуга;120,00 руб.;шт;
718.3777;Реле поворота РС951А г. Калуга;665,00 руб.;шт;
 ;Устройство развязки аккум. УРА-120;1 000,00 руб.;шт;
ЩСК 2 (МГС5) (12х32х20);Щетки для стартера с контактами и изолированными выводами г.Калуга;330,00 руб.;шт;
;юДругие запчасти;;;
5320-2205011-03;Вал карданный кв.фланец дл.983 мм.;4 300,00 руб.;шт;
5511-2205011-12;Вал карданный кв.фланец дл.818 мм.;4 300,00 руб.;шт;
15-1772010;Воздухораспределитель делителя КПП;246,75 руб.;шт;
53212-3400020;ГУР;4 000,00 руб.;шт;
 ;Кольца поршневые ЕВРО;300,00 руб.;шт;
55111-2912012-02 ЕВРО;Рессора задняя 55111;14 500,00 руб.;шт;
; ;;;
7403-1115050;Прокладка впускного коллектора;29,00 руб.;шт;
 ;э;195,00 руб.;шт;
;;;;
